{
 "builder": {
  "_logger": "hdl_checker.builders.fallback",
  "_builtin_libraries": [],
  "_added_libraries": [
   {
    "name": "UNISIM",
    "case_sensitive": false,
    "__class__": "VhdlIdentifier"
   },
   {
    "name": "not_in_project",
    "case_sensitive": true,
    "__class__": "Identifier"
   },
   {
    "name": "ieee",
    "case_sensitive": false,
    "__class__": "VhdlIdentifier"
   },
   {
    "name": "work",
    "case_sensitive": false,
    "__class__": "Identifier"
   }
  ],
  "_version": "<undefined>",
  "_work_folder": "/home/morten/dev/tfe4141_rsa_integration_kit_2024/RSA_accelerator/source/.hdl_checker",
  "__class__": "Fallback"
 },
 "config_file": null,
 "database": {
  "sources": [],
  "inferred_libraries": [],
  "design_units": [
   {
    "owner": {
     "name": "/home/morten/dev/TFE4141-DDS1-Term-Project/integration_kit/RSA_soc/source/rsa_soc.vhd",
     "__class__": "Path"
    },
    "type_": "entity",
    "name": {
     "name": "rsa_soc_wrapper",
     "case_sensitive": false,
     "__class__": "VhdlIdentifier"
    },
    "locations": [
     [
      13,
      7
     ]
    ],
    "__class__": "VhdlDesignUnit"
   },
   {
    "owner": {
     "name": "/home/morten/dev/TFE4141-DDS1-Term-Project/integration_kit/RSA_accelerator/source/rsa_accelerator.vhd",
     "__class__": "Path"
    },
    "type_": "entity",
    "name": {
     "name": "rsa_accelerator",
     "case_sensitive": false,
     "__class__": "VhdlIdentifier"
    },
    "locations": [
     [
      15,
      7
     ]
    ],
    "__class__": "VhdlDesignUnit"
   },
   {
    "owner": {
     "name": "/home/morten/dev/TFE4141-DDS1-Term-Project/integration_kit/RSA_accelerator/source/rsa_regio.vhd",
     "__class__": "Path"
    },
    "type_": "entity",
    "name": {
     "name": "rsa_regio",
     "case_sensitive": false,
     "__class__": "VhdlIdentifier"
    },
    "locations": [
     [
      27,
      7
     ]
    ],
    "__class__": "VhdlDesignUnit"
   },
   {
    "owner": {
     "name": "/home/morten/dev/tfe4141_rsa_integration_kit_2024/RSA_accelerator/source/rsa_accelerator.vhd",
     "__class__": "Path"
    },
    "type_": "entity",
    "name": {
     "name": "rsa_accelerator",
     "case_sensitive": false,
     "__class__": "VhdlIdentifier"
    },
    "locations": [
     [
      15,
      7
     ]
    ],
    "__class__": "VhdlDesignUnit"
   },
   {
    "owner": {
     "name": "/home/morten/dev/tfe4141_rsa_integration_kit_2024/RSA_accelerator/source/rsa_core.vhd",
     "__class__": "Path"
    },
    "type_": "entity",
    "name": {
     "name": "rsa_core",
     "case_sensitive": false,
     "__class__": "VhdlIdentifier"
    },
    "locations": [
     [
      21,
      7
     ]
    ],
    "__class__": "VhdlDesignUnit"
   },
   {
    "owner": {
     "name": "/home/morten/dev/tfe4141_rsa_integration_kit_2024/RSA_accelerator/source/rsa_regio.vhd",
     "__class__": "Path"
    },
    "type_": "entity",
    "name": {
     "name": "rsa_regio",
     "case_sensitive": false,
     "__class__": "VhdlIdentifier"
    },
    "locations": [
     [
      27,
      7
     ]
    ],
    "__class__": "VhdlDesignUnit"
   },
   {
    "owner": {
     "name": "/home/morten/dev/tfe4141_rsa_integration_kit_2024/Exponentiation/source/exponentiation.vhd",
     "__class__": "Path"
    },
    "type_": "entity",
    "name": {
     "name": "exponentiation",
     "case_sensitive": false,
     "__class__": "VhdlIdentifier"
    },
    "locations": [
     [
      3,
      7
     ]
    ],
    "__class__": "VhdlDesignUnit"
   },
   {
    "owner": {
     "name": "/home/morten/dev/tfe4141_rsa_integration_kit_2024/Exponentiation/source/mon_pro_fsm_v2.vhd",
     "__class__": "Path"
    },
    "type_": "entity",
    "name": {
     "name": "monpro_fsm_v2",
     "case_sensitive": false,
     "__class__": "VhdlIdentifier"
    },
    "locations": [
     [
      4,
      7
     ]
    ],
    "__class__": "VhdlDesignUnit"
   },
   {
    "owner": {
     "name": "/home/morten/dev/tfe4141_rsa_integration_kit_2024/Exponentiation/source/mon_pro_comb.vhd",
     "__class__": "Path"
    },
    "type_": "entity",
    "name": {
     "name": "monpro_comb",
     "case_sensitive": false,
     "__class__": "VhdlIdentifier"
    },
    "locations": [
     [
      4,
      7
     ]
    ],
    "__class__": "VhdlDesignUnit"
   }
  ],
  "__class__": "Database"
 },
 "__version__": "0.7.4"
}